Tm,Year,Rk,G,RshTD,RecTD,PR TD,KR TD,FblTD,IntTD,OthTD,AllTD,2PM,2PA,XPM,XPA,FGM,FGA,Sfty,Pts,Pts/G,D2P
Baltimore Ravens,2006,1,16,11,21,,,1,5,,38,,1,37,37,28,30,2,353,22.1,
New England Patriots,2006,2,16,20,25,,1,,,,46,2,2,43,44,20,26,1,385,24.1,
Chicago Bears,2006,3,16,14,24,3,2,2,1,1,47,,0,47,47,32,36,1,427,26.7,
Jacksonville Jaguars,2006,4,16,23,17,,1,,1,,42,,0,41,41,26,32,,371,23.2,
Miami Dolphins,2006,5,16,7,16,,,1,2,,26,2,4,22,22,26,36,,260,16.3,
New York Jets,2006,6,16,15,17,,2,1,,,35,,0,34,35,24,27,,316,19.8,
San Diego Chargers,2006,7,16,32,24,,,3,,,59,1,1,58,58,26,29,,492,30.8,
Carolina Panthers,2006,8,16,7,19,,,,2,,28,,0,28,28,24,27,1,270,16.9,
Denver Broncos,2006,9,16,12,20,,,,2,,34,,0,34,34,27,29,,319,19.9,
Buffalo Bills,2006,10,16,9,19,1,,2,2,,33,,0,33,33,23,25,,300,18.8,
Pittsburgh Steelers,2006,11,16,16,23,1,,,2,,42,,0,41,41,20,27,,353,22.1,
Kansas City Chiefs,2006,12,16,17,18,1,,,,1,37,1,1,35,36,24,31,,331,20.7,
New Orleans Saints,2006,13,16,19,27,1,,1,,1,49,2,2,46,47,23,26,,413,25.8,
Minnesota Vikings,2006,14,16,12,13,1,,3,3,,32,,3,27,28,21,25,,282,17.6,
Atlanta Falcons,2006,15,16,9,21,,,1,1,,32,,1,31,31,23,32,,292,18.3,
Philadelphia Eagles,2006,16,16,13,31,,,1,4,,49,1,1,48,48,18,23,,398,24.9,
Cincinnati Bengals,2006,17,16,14,28,,,,1,,43,,0,40,42,25,30,,373,23.3,
Oakland Raiders,2006,18,16,5,7,,,2,2,,16,,0,16,16,18,25,1,168,10.5,
Seattle Seahawks,2006,19,16,8,26,1,,1,1,,37,1,1,36,36,25,31,,335,20.9,
Dallas Cowboys,2006,20,16,21,26,1,,1,3,,52,2,3,49,49,20,28,,425,26.6,
Tampa Bay Buccaneers,2006,21,16,6,14,,,,3,,23,,0,22,23,17,22,,211,13.2,
Cleveland Browns,2006,22,16,7,15,,1,1,1,,25,,0,25,25,21,29,,238,14.9,
Indianapolis Colts,2006,23,16,17,31,1,,1,,,50,1,2,47,48,26,29,,427,26.7,
New York Giants,2006,24,16,14,24,,,1,2,,41,,1,38,38,23,27,1,355,22.2,
Green Bay Packers,2006,25,16,9,18,,,1,4,,32,,0,31,32,26,35,,301,18.8,
Houston Texans,2006,26,16,13,14,,,2,1,,30,2,3,26,27,19,25,,267,16.7,
Washington Redskins,2006,27,16,13,19,1,1,,,,34,2,2,31,31,22,30,1,307,19.2,
St. Louis Rams,2006,28,16,13,24,,,1,1,,39,1,2,35,35,32,37,,367,22.9,
Arizona Cardinals,2006,29,16,12,17,,1,2,1,,33,,1,32,32,28,37,,314,19.6,
Detroit Lions,2006,30,16,9,21,,,,1,,31,,1,30,30,29,33,1,305,19.1,
Tennessee Titans,2006,31,16,15,13,3,,3,2,,36,3,3,32,32,22,28,2,324,20.3,
San Francisco 49ers,2006,32,16,12,16,,,1,1,,30,,0,29,29,29,35,1,298,18.6,
Indianapolis Colts,2007,1,16,19,32,1,,1,1,,54,2,3,49,51,23,29,2,450,28.1,
Pittsburgh Steelers,2007,2,16,9,34,,1,,2,,46,2,2,44,44,23,25,,393,24.6,
Tampa Bay Buccaneers,2007,3,16,15,18,,1,1,1,,36,,2,34,34,28,33,,334,20.9,
New England Patriots,2007,4,16,17,50,,2,3,3,,75,1,1,74,74,21,24,,589,36.8,
San Diego Chargers,2007,5,16,19,22,1,1,3,2,1,49,,1,46,46,24,27,,412,25.8,
Seattle Seahawks,2007,6,16,9,30,1,2,1,1,,44,,0,43,43,28,34,1,393,24.6,
Green Bay Packers,2007,7,16,13,30,2,,3,1,,49,,0,48,48,31,39,,435,27.2,
Tennessee Titans,2007,8,16,17,9,,,,2,,28,,0,28,28,35,39,,301,18.8,
Philadelphia Eagles,2007,9,16,12,24,,,2,,,38,,2,36,36,24,32,,336,21.0,
Jacksonville Jaguars,2007,10,16,18,28,,1,1,2,,50,1,1,46,48,21,24,,411,25.7,
Washington Redskins,2007,11,16,15,18,,,,2,,35,2,5,29,30,29,35,2,334,20.9,
Minnesota Vikings,2007,12,16,22,12,,1,2,6,,43,3,3,39,40,20,24,1,365,22.8,
Dallas Cowboys,2007,13,16,14,36,,,1,2,1,54,,1,53,53,26,31,,455,28.4,
Kansas City Chiefs,2007,14,16,6,17,,,1,,,24,1,3,21,21,19,27,1,226,14.1,
Carolina Panthers,2007,15,16,7,19,,,1,1,,28,,1,27,27,24,28,,267,16.7,
Chicago Bears,2007,16,16,8,18,4,2,,1,1,34,1,1,33,33,31,36,1,334,20.9,
New York Giants,2007,17,16,15,23,,1,2,3,,44,,1,40,42,23,27,,373,23.3,
Buffalo Bills,2007,18,16,8,12,1,1,1,2,,25,1,1,24,24,24,27,2,252,15.8,
New York Jets,2007,19,16,6,15,,3,1,,1,26,1,2,23,24,29,36,,268,16.8,
San Francisco 49ers,2007,20,16,8,15,,,1,,,24,,1,22,22,17,19,1,219,13.7,
Cleveland Browns,2007,21,16,13,29,1,2,,1,,46,2,3,42,43,26,30,1,402,25.1,
Houston Texans,2007,22,16,12,24,,4,3,,,43,3,3,40,40,25,29,,379,23.7,
Baltimore Ravens,2007,23,16,11,13,2,1,,1,,28,,2,26,26,27,32,,275,17.2,
Cincinnati Bengals,2007,24,16,10,26,,1,2,1,1,41,1,3,37,37,31,34,1,380,23.8,
New Orleans Saints,2007,25,16,14,28,,,2,3,,47,4,5,42,42,15,22,1,379,23.7,
Oakland Raiders,2007,26,16,11,17,,,,2,,30,2,2,28,28,23,32,1,283,17.7,
Arizona Cardinals,2007,27,16,9,32,1,,1,6,,49,,1,47,48,21,30,,404,25.3,
Denver Broncos,2007,28,16,10,21,1,,2,,,34,,1,33,33,27,31,1,320,20.0,
Atlanta Falcons,2007,29,16,7,18,,,1,,,26,,1,25,25,26,34,,259,16.2,
Miami Dolphins,2007,30,16,14,12,1,,1,1,,29,2,2,26,26,21,23,,267,16.7,
St. Louis Rams,2007,31,16,5,19,1,,,2,,27,1,2,25,25,24,32,1,263,16.4,
Detroit Lions,2007,32,16,13,19,,1,,3,1,37,,1,35,36,29,35,1,346,21.6,
Pittsburgh Steelers,2008,1,16,16,19,,,1,2,,38,,1,36,37,27,31,1,347,21.7,
Tennessee Titans,2008,2,16,24,13,,,,3,1,41,1,1,40,40,29,33,,375,23.4,
Baltimore Ravens,2008,3,16,20,16,,,1,5,,42,1,1,41,41,28,35,3,385,24.1,
Philadelphia Eagles,2008,4,16,15,23,1,1,3,2,,45,,0,45,45,33,40,1,416,26.0,
New York Giants,2008,5,16,19,23,,,,2,1,45,1,2,41,41,36,39,3,427,26.7,
Washington Redskins,2008,6,16,12,14,1,,,,,27,,2,25,25,26,36,,265,16.6,
Indianapolis Colts,2008,7,16,13,27,,,3,2,,45,2,2,43,43,20,25,,377,23.6,
New England Patriots,2008,8,16,21,21,,1,,,,43,2,3,40,40,36,40,,410,25.6,
Miami Dolphins,2008,9,16,18,20,,,,2,,40,,0,40,40,21,25,1,345,21.6,
Tampa Bay Buccaneers,2008,10,16,13,18,1,1,1,3,1,38,1,2,35,36,32,38,,361,22.6,
Atlanta Falcons,2008,11,16,23,16,1,,1,2,,43,1,1,42,42,29,31,1,391,24.4,
Carolina Panthers,2008,12,16,30,15,,,2,,,47,1,1,46,46,28,31,,414,25.9,
Minnesota Vikings,2008,13,16,15,22,1,,2,,1,41,,1,40,40,29,34,3,379,23.7,
Buffalo Bills,2008,14,16,16,14,1,1,,3,,35,1,1,34,34,30,38,,336,21.0,
San Diego Chargers,2008,15,16,13,34,,1,1,2,,51,2,5,46,46,27,32,1,439,27.4,
Chicago Bears,2008,16,16,15,20,,1,3,1,2,42,1,1,41,41,26,29,1,375,23.4,
Cleveland Browns,2008,17,16,6,11,,1,,2,,20,2,2,18,18,30,36,,232,14.5,
New York Jets,2008,18,16,20,22,,1,2,3,,48,2,6,41,41,24,29,,405,25.3,
Cincinnati Bengals,2008,19,16,6,11,,,2,1,,20,,2,18,18,22,25,,204,12.8,
Dallas Cowboys,2008,20,16,12,29,,1,,1,,43,,1,42,42,20,22,1,362,22.6,
Jacksonville Jaguars,2008,21,16,17,15,,,1,2,,35,,2,33,33,19,25,1,302,18.9,
Green Bay Packers,2008,22,16,11,28,2,,1,6,,48,2,2,46,46,27,34,,419,26.2,
San Francisco 49ers,2008,23,16,10,21,,1,1,1,2,36,1,2,34,34,29,33,,339,21.2,
Oakland Raiders,2008,24,16,9,13,3,2,,,,27,,1,25,26,24,30,2,263,16.4,
Seattle Seahawks,2008,25,16,10,18,,,2,2,,32,,2,30,30,24,27,,294,18.4,
New Orleans Saints,2008,26,16,20,34,3,,,,,57,,3,53,54,22,27,1,463,28.9,
Houston Texans,2008,27,16,16,21,2,,,1,,40,1,2,37,37,29,33,,366,22.9,
Arizona Cardinals,2008,28,16,14,31,,1,1,2,2,51,1,5,44,44,25,28,,427,26.7,
Kansas City Chiefs,2008,29,16,9,23,,,1,2,,35,1,4,31,31,16,22,,291,18.2,
Denver Broncos,2008,30,16,15,25,,,2,,,42,2,2,39,40,25,34,,370,23.1,
St. Louis Rams,2008,31,16,8,11,,,1,,,20,,1,19,19,31,36,,232,14.5,
Detroit Lions,2008,32,16,10,18,,,1,,,29,2,3,25,26,21,22,1,268,16.8,
New York Jets,2009,1,16,21,12,,1,1,1,1,37,2,5,32,32,30,36,,348,21.8,
Dallas Cowboys,2009,2,16,14,26,2,,,1,,43,1,1,41,41,20,31,,361,22.6,
Baltimore Ravens,2009,3,16,22,21,,1,1,2,,47,,0,46,47,21,30,,391,24.4,
San Francisco 49ers,2009,4,16,12,23,,,2,1,1,39,,0,39,39,19,24,,330,20.6,
New England Patriots,2009,5,16,19,28,,,,3,,50,1,3,47,47,26,31,,427,26.7,
Cincinnati Bengals,2009,6,16,9,21,,1,1,2,,34,2,5,28,29,23,28,,305,19.1,
Green Bay Packers,2009,7,16,20,30,,,1,3,,54,3,5,48,49,27,36,1,461,28.8,
Indianapolis Colts,2009,8,16,16,34,,1,,2,,53,,2,50,51,16,20,,416,26.0,
Carolina Panthers,2009,9,16,18,16,,,,1,,35,2,3,31,32,22,27,2,315,19.7,
Minnesota Vikings,2009,10,16,19,34,,2,1,,,56,,1,54,55,26,28,1,470,29.4,
San Diego Chargers,2009,11,16,17,29,1,,2,1,1,51,,0,50,51,32,35,1,454,28.4,
Denver Broncos,2009,12,16,9,21,1,1,2,,,34,,2,32,32,30,35,,326,20.4,
Pittsburgh Steelers,2009,13,16,10,28,,,1,2,,41,,0,41,41,27,31,,368,23.0,
Atlanta Falcons,2009,14,16,15,26,,,2,1,,44,,1,42,43,19,29,,363,22.7,
Arizona Cardinals,2009,15,16,16,27,,1,,1,1,46,,0,45,46,18,19,,375,23.4,
Buffalo Bills,2009,16,16,6,17,,,,2,,25,,1,24,24,28,33,,258,16.1,
Houston Texans,2009,17,16,13,29,,1,2,1,,46,1,2,43,44,21,32,2,388,24.3,
Washington Redskins,2009,18,16,8,21,,,,,,29,,1,26,28,22,25,,266,16.6,
Philadelphia Eagles,2009,19,16,14,27,2,,2,2,,47,2,2,43,45,32,37,2,429,26.8,
New Orleans Saints,2009,20,16,21,34,,1,2,5,1,64,,1,60,63,22,28,,510,31.9,
Cleveland Browns,2009,21,16,10,11,1,3,,,,25,1,2,22,23,23,25,1,245,15.3,
Chicago Bears,2009,22,16,6,27,1,1,,1,,36,2,2,33,33,24,28,1,327,20.4,
Oakland Raiders,2009,23,16,7,10,,,,,,17,,0,17,17,26,29,,197,12.3,
Jacksonville Jaguars,2009,24,16,19,15,,,,,,34,1,2,30,31,18,28,,290,18.1,
Miami Dolphins,2009,25,16,22,15,,2,1,1,,41,1,3,37,38,25,28,,360,22.5,
Seattle Seahawks,2009,26,16,7,20,,,1,2,,30,,2,28,28,24,26,,280,17.5,
Tampa Bay Buccaneers,2009,27,16,5,18,1,1,,2,1,28,2,4,24,24,16,26,,244,15.3,
Tennessee Titans,2009,28,16,19,16,,,,4,,39,1,2,37,37,27,32,,354,22.1,
Kansas City Chiefs,2009,29,16,8,18,,1,1,2,1,31,1,2,29,29,25,29,1,294,18.4,
New York Giants,2009,30,16,14,28,1,,1,2,,46,,1,45,45,27,32,,402,25.1,
St. Louis Rams,2009,31,16,4,12,,,,1,,17,,1,16,16,19,24,,175,10.9,
Detroit Lions,2009,32,16,9,16,,,1,2,,28,1,3,25,25,21,28,2,262,16.4,
Pittsburgh Steelers,2010,1,16,15,22,,1,,3,,41,2,2,38,38,29,37,,375,23.4,
Green Bay Packers,2010,2,16,11,31,,,1,3,,46,,0,46,46,22,28,,388,24.3,
Baltimore Ravens,2010,3,16,11,25,,1,,3,,40,,0,39,39,26,29,,357,22.3,
Chicago Bears,2010,4,16,10,23,3,,,1,,37,1,2,35,35,25,30,,334,20.9,
Atlanta Falcons,2010,5,16,14,28,1,1,1,2,,47,2,3,44,44,28,31,,414,25.9,
New York Jets,2010,6,16,14,20,,2,,3,,39,1,1,37,37,30,39,2,367,22.9,
New Orleans Saints,2010,7,16,9,33,,,,2,,44,,0,43,43,25,31,1,384,24.0,
New England Patriots,2010,8,16,19,37,1,2,1,4,1,65,,1,62,64,22,25,,518,32.4,
Tampa Bay Buccaneers,2010,9,16,9,26,,1,,3,,39,1,3,36,36,23,28,,341,21.3,
San Diego Chargers,2010,10,16,18,30,,,,3,,51,2,2,48,48,27,33,1,441,27.6,
Kansas City Chiefs,2010,11,16,13,27,1,,,3,,44,,2,42,42,20,26,,366,22.9,
St. Louis Rams,2010,12,16,9,18,,,,,,27,,0,26,27,33,39,1,289,18.1,
Cleveland Browns,2010,13,16,13,13,,,1,2,,29,,1,28,28,23,28,,271,16.9,
Miami Dolphins,2010,14,16,8,17,,,1,,,26,,1,25,25,30,41,1,273,17.1,
Tennessee Titans,2010,15,16,13,24,1,1,,1,,40,1,2,38,38,24,26,2,356,22.3,
San Francisco 49ers,2010,16,16,10,19,1,,,3,1,34,1,1,33,33,22,27,,305,19.1,
New York Giants,2010,17,16,17,31,,,,,,48,1,1,47,47,19,23,,394,24.6,
Minnesota Vikings,2010,18,16,16,14,,1,1,1,,33,1,2,30,31,17,18,,281,17.6,
Detroit Lions,2010,19,16,11,26,,1,1,2,,41,2,5,35,36,25,30,1,362,22.6,
Oakland Raiders,2010,20,16,19,18,,3,1,2,1,44,,1,43,43,33,41,2,410,25.6,
Philadelphia Eagles,2010,21,16,18,28,1,,1,1,,49,1,2,47,47,32,38,,439,27.4,
Washington Redskins,2010,22,16,9,21,,1,1,1,,33,2,4,28,28,24,35,,302,18.9,
Indianapolis Colts,2010,23,16,13,33,,1,1,2,1,51,,0,51,51,26,28,,435,27.2,
Cincinnati Bengals,2010,24,16,8,26,,,1,1,,36,2,4,30,32,24,31,,322,20.1,
Seattle Seahawks,2010,25,16,13,14,,3,,2,1,33,2,2,31,31,25,30,1,310,19.4,
Carolina Panthers,2010,26,16,7,9,,,,1,,17,,0,17,17,25,29,1,196,12.3,
Jacksonville Jaguars,2010,27,16,14,26,1,,,,,41,,0,41,41,22,28,,353,22.1,
Buffalo Bills,2010,28,16,6,24,,1,1,2,,34,,2,31,32,16,21,,283,17.7,
Houston Texans,2010,29,16,20,24,,,,,,44,1,1,43,43,27,30,,390,24.4,
Arizona Cardinals,2010,30,16,9,10,,2,7,3,,31,1,2,29,29,24,27,,289,18.1,
Dallas Cowboys,2010,31,16,10,29,3,,1,3,,46,2,2,42,44,24,32,,394,24.6,
Denver Broncos,2010,32,16,13,25,,1,1,,,40,,1,38,39,22,25,,344,21.5,
Pittsburgh Steelers,2011,1,16,13,21,1,,1,,,36,,0,36,36,23,31,2,325,20.3,
San Francisco 49ers,2011,2,16,14,18,1,1,,1,,35,1,1,34,34,44,52,1,380,23.8,
Baltimore Ravens,2011,3,16,15,21,1,,3,1,,41,1,1,40,40,30,39,,378,23.6,
Houston Texans,2011,4,16,18,20,1,,1,1,,41,,1,39,40,32,38,,381,23.8,
Cleveland Browns,2011,5,16,4,16,1,,,,,21,,1,20,20,24,29,,218,13.6,
Miami Dolphins,2011,6,16,11,20,,,,1,1,33,,1,32,32,33,39,,329,20.6,
Seattle Seahawks,2011,7,16,15,15,,,,4,1,35,,1,34,34,25,30,1,321,20.1,
Tennessee Titans,2011,8,16,8,22,1,1,,1,1,34,,0,34,34,29,32,,325,20.3,
Cincinnati Bengals,2011,9,16,10,21,1,,2,1,,35,,1,33,34,33,38,1,344,21.5,
Philadelphia Eagles,2011,10,16,20,22,,,3,1,,46,,0,46,46,24,27,1,396,24.8,
Jacksonville Jaguars,2011,11,16,9,12,,,3,,1,25,,1,24,24,23,25,,243,15.2,
Kansas City Chiefs,2011,12,16,5,13,,,,2,,20,,0,20,20,24,30,,212,13.3,
New Orleans Saints,2011,13,16,16,46,1,,2,1,,66,2,3,63,63,28,34,,547,34.2,
Chicago Bears,2011,14,16,10,18,2,1,3,4,,38,1,1,37,37,28,32,1,353,22.1,
New England Patriots,2011,15,16,18,39,1,,1,2,,61,2,2,59,59,28,33,,513,32.1,
Dallas Cowboys,2011,16,16,5,33,,,,1,,39,,0,39,39,32,37,,369,23.1,
Arizona Cardinals,2011,17,16,12,21,4,,,,,37,,2,33,33,19,24,,312,19.5,
Atlanta Falcons,2011,18,16,14,29,,,1,2,,46,,1,45,45,27,29,,402,25.1,
Green Bay Packers,2011,19,16,12,51,1,1,1,4,,70,,1,68,69,24,28,,560,35.0,
New York Jets,2011,20,16,14,26,,1,1,2,1,45,,1,44,44,19,25,3,377,23.6,
Washington Redskins,2011,21,16,8,19,,,,1,,28,1,2,25,26,31,41,,288,18.0,
San Diego Chargers,2011,22,16,16,27,,1,1,1,,46,1,1,44,45,28,35,,406,25.4,
Detroit Lions,2011,23,16,9,41,,,2,5,,57,3,3,54,54,24,29,1,476,29.6,
Denver Broncos,2011,24,16,11,20,2,,,3,,36,3,6,30,30,19,25,,309,19.3,
New York Giants,2011,25,16,17,29,,,1,,,47,4,4,43,43,19,24,2,394,24.6,
St. Louis Rams,2011,26,16,7,9,1,,,1,,18,,0,18,18,21,28,2,193,12.1,
Carolina Panthers,2011,27,16,26,21,,1,,,,48,2,3,44,45,22,28,2,406,25.4,
Indianapolis Colts,2011,28,16,8,14,,,1,2,,25,,1,24,24,23,27,,243,15.2,
Oakland Raiders,2011,29,16,16,20,,1,1,,,38,,2,36,36,31,35,1,359,22.4,
Buffalo Bills,2011,30,16,12,24,1,,2,4,,43,1,2,41,41,23,31,1,372,23.3,
Minnesota Vikings,2011,31,16,18,20,,1,,,,39,,0,38,39,22,28,1,340,21.3,
Tampa Bay Buccaneers,2011,32,16,9,17,,,1,3,,30,2,7,23,23,26,28,1,287,17.9,
Seattle Seahawks,2012,1,16,16,27,,1,1,2,2,49,,0,46,48,24,27,,412,25.8,
San Francisco 49ers,2012,2,16,17,23,,,2,2,,44,,0,44,44,29,42,1,397,24.8,
Chicago Bears,2012,3,16,11,21,,,1,8,1,42,1,2,40,40,27,33,,375,23.4,
Denver Broncos,2012,4,16,12,37,1,1,1,5,,57,1,2,55,55,26,32,2,481,30.1,
Atlanta Falcons,2012,5,16,12,32,,,1,1,,46,,2,44,44,33,38,,419,26.2,
Pittsburgh Steelers,2012,6,16,8,27,,,,1,,36,1,2,34,34,28,31,,336,21.0,
Miami Dolphins,2012,7,16,15,13,1,1,,,1,31,2,2,29,29,23,30,,288,18.0,
Cincinnati Bengals,2012,8,16,11,28,1,,1,2,,43,,0,43,43,30,35,,391,24.4,
Houston Texans,2012,9,16,19,22,,,,3,2,46,,0,45,45,31,38,1,416,26.0,
New England Patriots,2012,10,16,25,34,1,1,4,2,,67,,1,66,66,29,35,1,557,34.8,
Green Bay Packers,2012,11,16,9,40,1,,1,1,1,53,1,3,50,50,21,33,,433,27.1,
Baltimore Ravens,2012,12,16,17,22,1,2,,2,,44,1,1,42,42,30,33,,398,24.9,
New York Giants,2012,13,16,18,26,,1,1,1,,47,1,1,46,46,33,39,,429,26.8,
Minnesota Vikings,2012,14,16,16,18,1,1,,3,,39,2,3,36,36,35,38,,379,23.7,
St. Louis Rams,2012,15,16,5,22,,,1,4,,32,5,6,26,26,23,31,1,299,18.7,
San Diego Chargers,2012,16,16,4,26,1,1,2,5,,39,,0,39,39,25,27,1,350,21.9,
Arizona Cardinals,2012,17,16,10,11,,,1,2,1,25,,0,25,25,25,28,,250,15.6,
Carolina Panthers,2012,18,16,21,19,,,1,3,,44,,0,43,44,16,21,1,357,22.3,
Cleveland Browns,2012,19,16,12,16,1,,,2,,31,,1,29,29,29,31,,302,18.9,
New York Jets,2012,20,16,12,14,1,1,1,2,,31,,1,30,30,21,27,1,281,17.6,
Indianapolis Colts,2012,21,16,11,23,1,1,,4,,40,1,2,37,37,26,33,,357,22.3,
Washington Redskins,2012,22,16,22,24,,,3,3,,52,1,1,50,51,24,30,,436,27.3,
Tampa Bay Buccaneers,2012,23,16,13,27,,,,3,1,44,1,4,39,39,28,33,,389,24.3,
Dallas Cowboys,2012,24,16,8,29,1,,2,1,,41,3,4,37,37,29,31,,376,23.5,
Kansas City Chiefs,2012,25,16,9,8,,,1,,,18,,1,17,17,28,34,1,211,13.2,
Buffalo Bills,2012,26,16,12,24,2,1,,1,,40,,1,39,39,21,24,1,344,21.5,
Detroit Lions,2012,27,16,17,22,,,,,,39,1,1,38,38,32,36,1,372,23.3,
Oakland Raiders,2012,28,16,4,24,,,,,,28,2,3,25,25,31,34,,290,18.1,
Philadelphia Eagles,2012,29,16,10,18,1,,,,,29,,3,25,26,27,31,,280,17.5,
Jacksonville Jaguars,2012,30,16,5,20,,,,,1,26,3,7,18,19,25,28,,255,15.9,
New Orleans Saints,2012,31,16,10,43,,,,4,1,58,1,1,57,57,18,22,,461,28.8,
Tennessee Titans,2012,32,16,10,17,3,1,1,4,,36,1,1,35,35,25,31,1,330,20.6,
Seattle Seahawks,2013,1,16,14,27,,,1,3,,45,,1,44,44,33,35,2,417,26.1,
Carolina Panthers,2013,2,16,14,24,,,,4,,42,,0,42,42,24,27,,366,22.9,
San Francisco 49ers,2013,3,16,18,21,,,3,2,,44,,0,44,44,32,36,1,406,25.4,
New Orleans Saints,2013,4,16,10,39,,,,,,49,,1,48,48,24,32,,414,25.9,
Cincinnati Bengals,2013,5,16,14,33,,,2,4,1,54,,1,52,53,18,22,,430,26.9,
Kansas City Chiefs,2013,6,16,17,24,2,2,,5,2,52,,0,52,52,22,28,,430,26.9,
Arizona Cardinals,2013,7,16,12,24,,,1,4,,41,1,4,37,37,30,36,2,379,23.7,
Miami Dolphins,2013,8,16,8,24,,,,2,,34,,1,33,33,26,34,1,317,19.8,
Indianapolis Colts,2013,9,16,15,23,,,,1,1,40,4,6,34,34,35,40,2,391,24.4,
New England Patriots,2013,10,16,19,25,,,1,2,,47,2,3,44,44,38,41,,444,27.8,
San Diego Chargers,2013,11,16,9,32,,,,1,,42,,0,42,42,34,37,,396,24.8,
Baltimore Ravens,2013,12,16,7,19,1,1,,1,,29,3,3,26,26,38,41,,320,20.0,
St. Louis Rams,2013,13,16,10,22,1,,3,2,,38,3,4,34,34,26,28,1,348,21.8,
Pittsburgh Steelers,2013,14,16,9,28,1,,,3,,41,1,2,39,39,30,32,1,379,23.7,
Detroit Lions,2013,15,16,15,29,1,1,1,1,,48,2,5,42,43,19,24,2,395,24.7,
Tennessee Titans,2013,16,16,16,22,,,2,1,,41,,0,41,41,25,29,,362,22.6,
Philadelphia Eagles,2013,17,16,19,32,,,1,1,,53,3,8,45,45,23,28,2,442,27.6,
New York Giants,2013,18,16,11,18,,,,2,1,32,1,1,31,31,23,26,,294,18.4,
New York Jets,2013,19,16,12,13,,,,1,1,27,,0,27,27,33,36,1,290,18.1,
Buffalo Bills,2013,20,16,15,16,,,1,2,,34,2,2,32,32,33,36,,339,21.2,
Tampa Bay Buccaneers,2013,21,16,6,22,,,,3,,31,,0,31,31,23,29,1,288,18.0,
Denver Broncos,2013,22,16,16,55,1,1,1,1,1,76,,1,75,75,25,26,,606,37.9,
Cleveland Browns,2013,23,16,4,26,1,,,3,1,35,2,2,33,33,21,26,,310,19.3,
Houston Texans,2013,24,16,7,19,1,,,1,,28,1,1,26,26,26,35,1,276,17.3,
Green Bay Packers,2013,25,16,17,25,1,,3,,,46,,4,42,42,33,37,,417,26.1,
Dallas Cowboys,2013,26,16,12,33,1,,3,2,,51,1,4,47,47,28,30,,439,27.4,
Atlanta Falcons,2013,27,16,11,26,,,1,2,,40,1,1,39,39,24,27,,353,22.1,
Jacksonville Jaguars,2013,28,16,7,16,,,1,1,,25,,2,22,23,23,25,3,247,15.4,
Oakland Raiders,2013,29,16,16,17,,,2,1,1,37,,0,37,37,21,30,,322,20.1,
Washington Redskins,2013,30,16,14,20,,,1,4,,39,2,5,33,33,21,26,,334,20.9,
Chicago Bears,2013,31,16,13,32,1,,1,5,,52,5,6,45,46,26,29,,445,27.8,
Minnesota Vikings,2013,32,16,23,18,1,2,1,,,45,,1,43,44,26,30,,391,24.4,
Seattle Seahawks,2014,1,16,20,20,,,,2,1,43,,1,41,41,31,37,1,394,24.6,
Kansas City Chiefs,2014,2,16,18,18,1,1,1,1,,40,,2,38,38,25,30,,353,22.1,
Detroit Lions,2014,3,16,11,22,,,1,1,,35,1,3,32,32,25,38,1,321,20.1,
Buffalo Bills,2014,4,16,7,23,1,1,1,,1,34,2,2,31,32,34,38,1,343,21.4,
Arizona Cardinals,2014,5,16,6,21,1,,1,3,,32,2,5,27,27,29,33,,310,19.4,
Baltimore Ravens,2014,6,16,16,27,,1,,1,1,46,1,3,42,42,29,34,1,409,25.6,
Houston Texans,2014,7,16,12,22,,,1,4,1,40,,0,40,40,30,35,1,372,23.3,
New England Patriots,2014,8,16,13,34,1,,2,,2,52,,1,51,51,35,37,,468,29.3,
Cleveland Browns,2014,9,16,17,12,,,1,2,,32,,2,30,30,25,32,1,299,18.7,
San Francisco 49ers,2014,10,16,10,20,,,1,2,,33,,0,33,33,25,31,,306,19.1,
Minnesota Vikings,2014,11,16,12,17,,,2,2,2,35,4,4,29,29,26,35,,325,20.3,
Cincinnati Bengals,2014,12,16,19,20,,,,1,,40,1,1,39,39,26,33,3,365,22.8,
San Diego Chargers,2014,13,16,6,31,,,3,,,40,,0,40,40,22,26,1,348,21.8,
Green Bay Packers,2014,14,16,14,38,2,,1,3,,58,1,3,53,55,27,33,1,486,30.4,
Dallas Cowboys,2014,15,16,16,37,,,1,2,,56,,0,56,56,25,29,,467,29.2,
Denver Broncos,2014,16,16,15,40,,,1,2,,58,2,2,56,56,24,29,1,482,30.1,
St. Louis Rams,2014,17,16,11,20,2,,,3,,36,1,1,34,35,24,30,,324,20.3,
Pittsburgh Steelers,2014,18,16,10,33,1,,1,4,,49,4,4,45,45,29,32,1,436,27.3,
Indianapolis Colts,2014,19,16,9,42,,,1,1,,53,,3,50,50,30,31,,458,28.6,
Miami Dolphins,2014,20,16,12,27,,,1,2,,42,1,1,41,41,29,37,3,388,24.3,
Carolina Panthers,2014,21,16,10,23,1,,,2,,36,1,2,34,34,29,35,,339,21.2,
Philadelphia Eagles,2014,22,16,16,27,2,2,2,2,3,54,,0,54,54,32,36,,474,29.6,
New York Giants,2014,23,16,13,30,,,1,,,44,,0,44,44,24,26,,380,23.8,
New York Jets,2014,24,16,11,16,,,,,,27,,4,23,23,32,39,1,283,17.7,
Tampa Bay Buccaneers,2014,25,16,7,21,,,,3,,31,,0,31,31,20,24,,277,17.3,
Jacksonville Jaguars,2014,26,16,9,15,,,2,1,,27,1,4,23,23,20,26,1,249,15.6,
Atlanta Falcons,2014,27,16,11,28,1,,1,1,,42,1,2,40,40,29,32,,381,23.8,
New Orleans Saints,2014,28,16,16,33,,,,,,49,,1,46,47,19,22,2,401,25.1,
Washington Redskins,2014,29,16,15,18,,,,,,33,,1,31,32,24,27,,301,18.8,
Tennessee Titans,2014,30,16,6,20,,,1,1,,28,,1,27,27,19,22,1,254,15.9,
Chicago Bears,2014,31,16,8,30,,1,,1,,40,5,5,33,35,12,16,,319,19.9,
Oakland Raiders,2014,32,16,4,22,,,1,,1,28,,0,28,28,19,22,,253,15.8,
Seattle Seahawks,2015,1,16,10,34,1,1,3,,,49,1,5,40,44,29,31,,423,26.4,
Cincinnati Bengals,2015,2,16,18,31,,,,1,,50,1,1,48,49,23,28,,419,26.2,
Kansas City Chiefs,2015,3,16,19,20,,,2,4,,45,2,4,39,41,30,37,1,405,25.3,
Denver Broncos,2015,4,16,13,19,1,,1,4,,38,,1,35,36,30,35,1,355,22.2,
Minnesota Vikings,2015,5,16,18,14,1,2,1,2,,38,1,1,33,37,34,39,,365,22.8,
Carolina Panthers,2015,6,16,19,35,,,1,4,,59,,0,56,59,30,36,,500,31.3,
Arizona Cardinals,2015,7,16,16,35,,1,2,4,,58,,0,53,58,28,31,2,489,30.6,
Houston Texans,2015,8,16,7,29,,,1,2,,39,2,3,32,36,23,27,,339,21.2,
New York Jets,2015,9,16,11,33,,,,,,44,,0,42,43,27,33,,387,24.2,
New England Patriots,2015,10,16,14,36,,,2,,,52,,0,52,52,33,36,1,465,29.1,
Pittsburgh Steelers,2015,11,16,16,26,1,,,2,,45,8,11,32,34,35,42,,423,26.4,
Green Bay Packers,2015,12,16,8,31,,,1,2,,42,4,6,36,36,24,28,,368,23.0,
St. Louis Rams,2015,13,16,16,11,1,,2,1,,31,1,2,27,29,21,31,1,280,17.5,
Atlanta Falcons,2015,14,16,13,21,,,3,1,,38,1,3,34,34,25,31,,339,21.2,
Buffalo Bills,2015,15,16,19,23,,,1,2,,45,2,5,34,40,23,27,1,379,23.7,
Dallas Cowboys,2015,16,16,8,16,,,,1,1,26,1,1,25,25,30,32,1,275,17.2,
Washington Redskins,2015,17,16,9,30,,2,1,1,1,44,2,3,40,41,26,30,1,388,24.3,
San Francisco 49ers,2015,18,16,7,16,,,,1,,24,1,2,20,21,24,27,,238,14.9,
Miami Dolphins,2015,19,16,11,24,1,,,3,,39,2,3,33,36,13,16,,310,19.4,
Chicago Bears,2015,20,16,13,21,,,,,,34,2,5,28,29,33,39,,335,20.9,
San Diego Chargers,2015,21,16,4,30,,,,1,,35,2,3,28,32,26,32,,320,20.0,
Oakland Raiders,2015,22,16,7,34,,,,1,,42,1,3,38,39,21,26,2,359,22.4,
Detroit Lions,2015,23,16,7,33,,,1,1,,42,,3,36,39,22,24,2,358,22.4,
Baltimore Ravens,2015,24,16,8,21,1,,1,1,1,33,1,4,29,29,33,40,,328,20.5,
Indianapolis Colts,2015,25,16,6,26,,,1,4,,37,1,2,32,35,25,27,1,333,20.8,
Tampa Bay Buccaneers,2015,26,16,12,22,,,2,1,,37,1,3,31,34,29,40,,342,21.4,
Tennessee Titans,2015,27,16,10,25,,,1,1,,37,3,5,29,31,14,16,,299,18.7,
Philadelphia Eagles,2015,28,16,15,23,2,,1,3,1,45,,0,42,44,21,26,1,377,23.6,
Cleveland Browns,2015,29,16,5,20,1,,,2,,28,2,4,22,24,28,32,,278,17.4,
New York Giants,2015,30,16,5,36,1,1,2,2,,47,1,2,44,45,30,32,1,420,26.3,
Jacksonville Jaguars,2015,31,16,5,35,1,,2,1,,44,1,5,32,39,26,30,,376,23.5,
New Orleans Saints,2015,32,16,16,32,1,,1,,1,51,1,4,44,46,18,26,,406,25.5,1
New England Patriots,2016,1,16,19,32,,,,,,51,1,2,46,49,27,32,3,441,27.6,
New York Giants,2016,2,16,6,26,,,2,1,1,36,,1,31,35,21,22,,310,19.4,
Seattle Seahawks,2016,3,16,13,23,,,1,,,37,1,2,29,35,33,37,1,354,22.1,
Denver Broncos,2016,4,16,11,20,,,1,3,,35,1,2,32,33,29,34,,331,20.8,1
Dallas Cowboys,2016,5,16,24,25,,,,,,49,,2,46,46,27,32,,421,26.3,
Minnesota Vikings,2016,6,16,9,20,2,1,2,2,,36,1,3,26,33,27,31,1,327,20.4,
Kansas City Chiefs,2016,7,16,15,19,2,1,1,4,,42,2,2,36,39,31,35,1,387,24.3,1
Cincinnati Bengals,2016,8,16,17,18,,,,,,35,,0,29,35,28,35,1,325,20.3,
Baltimore Ravens,2016,9,16,10,20,,,1,,1,32,4,5,27,27,38,39,,341,21.4,1
Pittsburgh Steelers,2016,10,16,13,33,,,1,,,47,3,9,37,37,24,28,1,399,24.9,
Houston Texans,2016,11,16,8,15,1,,,1,,25,,0,22,25,35,41,1,279,17.4,
Philadelphia Eagles,2016,12,16,16,16,,2,,3,,37,4,6,30,31,35,41,1,367,22.9,
Detroit Lions,2016,13,16,9,24,2,,,1,,36,1,2,31,33,31,36,2,346,21.6,
Arizona Cardinals,2016,14,16,20,28,,,1,2,,51,1,4,43,47,21,28,2,418,26.1,
Tampa Bay Buccaneers,2016,15,16,8,29,,,,4,,41,4,7,32,34,22,31,1,354,22.1,
Tennessee Titans,2016,16,16,16,29,,,1,,,46,,5,39,41,22,24,,381,23.8,
Buffalo Bills,2016,17,16,29,17,,,2,1,,49,4,4,40,45,19,25,,399,24.9,
Miami Dolphins,2016,18,16,14,27,1,1,,1,1,45,1,2,41,42,16,21,,361,22.7,1
Washington Redskins,2016,19,16,17,25,1,,,,,43,,4,36,39,34,42,,396,24.8,
Oakland Raiders,2016,20,16,17,29,,,,1,,47,5,7,37,39,29,35,,416,26.0,
Green Bay Packers,2016,21,16,11,40,,,,,,51,2,4,44,47,26,30,,432,27.0,
Indianapolis Colts,2016,22,16,13,32,,1,1,,,47,2,3,44,44,27,31,,411,25.7,
Los Angeles Rams,2016,23,16,9,14,,,1,,,24,,1,23,23,19,22,,224,14.0,
Chicago Bears,2016,24,16,10,19,1,,1,1,,32,,0,31,32,18,23,1,279,17.4,
Jacksonville Jaguars,2016,25,16,8,24,,1,,1,,34,2,2,29,32,27,34,,318,19.9,
Carolina Panthers,2016,26,16,16,21,,,2,1,,40,3,6,31,34,30,38,1,369,23.1,
Atlanta Falcons,2016,27,16,20,38,,,2,3,,63,2,6,56,57,34,37,,540,33.8,
New York Jets,2016,28,16,10,16,,,,,1,27,1,1,24,26,27,31,,269,17.2,
San Diego Chargers,2016,29,16,10,33,,,2,3,,48,,2,42,46,26,32,1,410,25.6,
Cleveland Browns,2016,30,16,13,15,,,,1,,29,2,4,23,25,21,27,,264,16.5,
New Orleans Saints,2016,31,16,17,38,,,,,,55,2,5,49,50,28,34,1,469,29.3,
San Francisco 49ers,2016,32,16,15,21,,,,,,36,2,2,33,34,18,21,1,309,19.3,
Minnesota Vikings,2017,1,16,15,25,,,,1,,41,2,2,34,39,32,38,1,382,23.9,
Jacksonville Jaguars,2017,2,16,18,21,1,,5,2,,47,3,6,37,41,30,35,,415,26.1,1
Los Angeles Chargers,2017,3,16,10,28,1,,2,2,,43,,1,37,42,20,30,,355,22.2,
Philadelphia Eagles,2017,4,16,9,38,,,5,1,,53,6,9,40,44,29,34,,457,28.6,
New England Patriots,2017,5,16,16,32,,1,,,,49,2,2,45,47,37,40,2,458,28.6,
Baltimore Ravens,2017,6,16,14,20,1,1,3,3,,42,1,3,39,39,34,37,,395,24.7,
Pittsburgh Steelers,2017,7,16,12,29,,1,,,1,43,2,4,37,39,35,38,1,406,25.4,
Atlanta Falcons,2017,8,16,12,21,,,3,,,36,,1,35,35,34,39,,353,22.1,
Chicago Bears,2017,9,16,13,13,2,,1,2,,31,1,2,26,28,16,22,1,264,16.5,
New Orleans Saints,2017,10,16,23,23,,1,1,2,1,51,1,1,47,50,31,36,,448,28.0,
Carolina Panthers,2017,11,16,15,22,1,1,1,,,40,1,3,34,37,29,30,,363,22.7,
Los Angeles Rams,2017,12,16,17,28,,1,,3,2,51,,0,48,51,40,43,2,478,29.9,
Dallas Cowboys,2017,13,16,18,22,1,,,1,,42,,3,36,39,22,29,,354,22.1,
Seattle Seahawks,2017,14,16,4,34,,1,1,3,,43,2,3,37,38,21,29,2,366,22.9,
Kansas City Chiefs,2017,15,16,12,26,1,,3,,,42,,2,40,40,41,45,,415,25.9,
Cincinnati Bengals,2017,16,16,6,25,,,,3,,34,,0,32,34,18,20,,290,18.1,
Tennessee Titans,2017,17,16,18,14,,,1,,,33,,0,31,33,35,42,,334,20.9,
Buffalo Bills,2017,18,16,12,16,,,2,1,,31,,1,29,29,29,33,,302,18.9,
Arizona Cardinals,2017,19,16,6,21,,,1,1,,29,1,2,23,26,32,40,,295,18.4,
Oakland Raiders,2017,20,16,13,23,,,,,,36,2,2,33,34,16,21,,301,18.8,
Detroit Lions,2017,21,16,10,29,2,,2,3,,46,2,5,40,41,30,35,,410,25.6,
New York Jets,2017,22,16,13,19,,,,,,32,1,3,29,29,25,30,,298,18.6,
Denver Broncos,2017,23,16,8,19,,,2,2,,31,2,4,27,27,24,32,,289,18.1,
Tampa Bay Buccaneers,2017,24,16,8,26,,,3,1,,38,2,6,28,31,25,34,,335,20.9,
San Francisco 49ers,2017,25,16,15,15,,,,1,,31,,1,28,30,39,41,,331,20.7,
Green Bay Packers,2017,26,16,13,25,,,1,1,,40,1,3,33,35,15,19,,320,20.0,
New York Giants,2017,27,16,6,20,,,,2,,28,1,5,20,23,18,25,1,246,15.4,
Washington Redskins,2017,28,16,10,27,,,,2,,39,,0,36,39,24,28,,342,21.4,
Miami Dolphins,2017,29,16,4,24,,,2,1,,31,1,1,26,29,21,23,2,281,17.6,
Indianapolis Colts,2017,30,16,11,13,,,,1,,25,,1,22,24,29,34,2,263,16.4,
Cleveland Browns,2017,31,16,11,15,,,,1,,27,1,1,25,26,15,20,,234,14.6,
Houston Texans,2017,32,16,8,28,,,2,2,,40,2,5,32,35,20,25,1,338,21.1,
Chicago Bears,2018,1,16,16,28,,,1,5,,50,4,5,42,45,23,30,1,421,26.3,
Baltimore Ravens,2018,2,16,19,18,1,,3,,,41,1,4,36,37,35,39,,389,24.3,
Tennessee Titans,2018,3,16,15,16,,1,,2,,34,,1,28,31,26,30,,310,19.4,
Houston Texans,2018,4,16,12,26,,,1,3,,42,,1,39,41,37,42,,402,25.1,
Jacksonville Jaguars,2018,5,16,7,15,1,,,2,,25,,2,22,23,23,26,2,245,15.3,
Dallas Cowboys,2018,6,16,13,22,,,1,,,36,2,2,32,33,29,36,,339,21.2,
New England Patriots,2018,7,16,18,29,,1,1,1,1,51,,1,49,50,27,32,,436,27.3,
Los Angeles Chargers,2018,8,16,16,32,1,,1,1,,51,6,8,36,43,24,29,,426,26.8,1
Minnesota Vikings,2018,9,16,9,30,,,2,1,,42,3,5,36,37,22,32,,360,22.5,
Indianapolis Colts,2018,10,16,13,39,,,,,,52,4,5,44,47,23,27,,433,27.1,
Seattle Seahawks,2018,11,16,15,35,,,1,1,,52,1,1,48,51,22,27,,428,26.8,
Philadelphia Eagles,2018,12,16,12,29,,,,,,41,5,6,33,35,26,31,,367,22.9,
Denver Broncos,2018,13,16,18,19,,,,2,,39,,4,35,35,20,25,,329,20.6,
New Orleans Saints,2018,14,16,26,33,,,,1,,60,4,5,52,53,28,30,,504,31.5,
Washington Redskins,2018,15,16,12,16,,,1,,,29,2,3,25,26,26,29,,281,17.6,
Detroit Lions,2018,16,16,11,22,,,,2,,35,,5,30,30,28,32,,324,20.3,
Pittsburgh Steelers,2018,17,16,16,35,,,1,2,,54,4,5,44,49,16,23,2,428,26.8,
Buffalo Bills,2018,18,16,15,13,,,1,,,29,1,3,25,26,22,28,1,269,16.8,
Carolina Panthers,2018,19,16,17,28,,,1,,,46,2,5,37,41,19,21,,374,23.5,1
Los Angeles Rams,2018,20,16,23,32,,,1,3,1,60,5,7,51,53,34,41,2,527,32.9,
Cleveland Browns,2018,21,16,15,29,,,,,,44,4,10,28,34,19,25,1,359,22.4,
Green Bay Packers,2018,22,16,14,25,,,,1,1,41,3,4,34,36,30,37,,376,23.5,
New York Giants,2018,23,16,13,23,,,,3,,39,4,7,31,32,32,33,,369,23.1,
Kansas City Chiefs,2018,24,16,16,50,1,,1,3,,71,1,2,65,69,24,27,,565,35.3,
Atlanta Falcons,2018,25,16,11,36,,,1,1,,49,2,6,41,43,25,26,,414,25.9,
Arizona Cardinals,2018,26,16,9,15,,,2,,1,27,2,3,23,24,12,17,,225,14.1,
Miami Dolphins,2018,27,16,7,26,1,1,,3,,38,1,1,35,36,18,20,,319,19.9,
San Francisco 49ers,2018,28,16,7,26,,1,,1,,35,2,6,27,29,33,34,1,342,21.4,
New York Jets,2018,29,16,11,18,1,1,,3,,34,,1,30,33,33,36,,333,20.8,
Cincinnati Bengals,2018,30,16,13,27,,,2,3,,45,1,4,39,41,19,23,,368,23.0,
Tampa Bay Buccaneers,2018,31,16,11,36,,,2,,,49,1,5,40,44,20,27,,396,24.8,
Oakland Raiders,2018,32,16,9,19,1,,,1,,30,1,2,27,28,27,32,,290,18.1,
New England Patriots,2019,1,16,17,25,,,2,3,2,49,2,4,39,45,27,34,1,420,26.3,
Buffalo Bills,2019,2,16,13,21,,1,,,,35,3,3,30,32,22,28,1,314,19.6,
Baltimore Ravens,2019,3,16,21,37,,,4,2,,64,2,5,57,59,28,29,1,531,33.2,
Chicago Bears,2019,4,16,8,20,,1,,1,,30,1,1,27,29,23,28,1,280,17.5,
Minnesota Vikings,2019,5,16,19,26,,,1,1,,47,1,3,40,44,27,29,1,407,25.4,
Pittsburgh Steelers,2019,6,16,7,18,1,,2,1,,29,,1,28,28,29,31,,289,18.1,
Kansas City Chiefs,2019,7,16,16,30,,1,2,1,,50,1,2,45,48,34,38,,449,28.2,1
San Francisco 49ers,2019,8,16,23,28,,,2,3,,56,2,5,49,50,30,39,,479,29.9,
Green Bay Packers,2019,9,16,18,26,,,,,,44,3,3,40,41,22,24,,376,23.5,
Denver Broncos,2019,10,16,11,16,,,1,,,28,1,2,25,26,29,34,,282,17.6,
Dallas Cowboys,2019,11,16,18,30,,,1,,,49,2,3,46,46,30,40,,434,27.1,
Tennessee Titans,2019,12,16,21,29,,,2,1,1,54,1,2,50,52,8,18,1,402,25.1,
New Orleans Saints,2019,13,16,12,36,1,,1,2,,52,,3,48,49,32,36,1,458,28.6,
Los Angeles Chargers,2019,14,16,12,24,1,,,,,37,1,1,35,35,26,34,,337,21.1,
Philadelphia Eagles,2019,15,16,16,27,,,2,1,,46,4,7,35,37,22,26,,385,24.1,
New York Jets,2019,16,16,6,19,,,2,3,1,31,3,4,23,27,19,28,2,276,17.3,
Los Angeles Rams,2019,17,16,20,22,,,2,2,,46,1,4,42,42,24,33,1,394,24.6,
Indianapolis Colts,2019,18,16,17,22,2,,,1,,42,2,3,33,39,22,31,2,359,22.6,1
Houston Texans,2019,19,16,17,27,,,,2,,46,1,1,40,45,20,25,,378,23.6,
Cleveland Browns,2019,20,16,15,22,,,,1,,38,1,3,30,35,25,29,,335,20.9,
Jacksonville Jaguars,2019,21,16,3,24,,,1,1,,29,4,9,19,20,33,34,,300,18.8,
Seattle Seahawks,2019,22,16,15,31,,,1,2,,49,1,3,40,44,23,28,,405,25.3,
Atlanta Falcons,2019,23,16,10,29,1,,1,1,,42,2,9,29,31,32,40,,381,23.8,
Oakland Raiders,2019,24,16,13,22,,,,2,,37,,1,34,36,19,26,,313,19.6,
Cincinnati Bengals,2019,25,16,9,18,,1,,,,28,2,3,24,25,27,31,1,279,17.4,
Detroit Lions,2019,26,16,7,28,1,1,1,,,38,,2,35,36,26,31,,341,21.3,
Washington Redskins,2019,27,16,9,18,,1,,,,28,1,6,21,22,25,30,,266,16.6,
Arizona Cardinals,2019,28,16,18,20,,,,,,38,3,3,34,35,31,35,,361,22.6,
Tampa Bay Buccaneers,2019,29,16,15,33,,,4,2,,54,5,6,43,48,27,35,,458,28.6,
New York Giants,2019,30,16,11,30,,,1,1,1,44,2,4,35,39,12,17,1,341,21.3,
Carolina Panthers,2019,31,16,20,17,,,1,,,38,1,3,31,35,25,32,2,340,21.3,
Miami Dolphins,2019,32,16,10,22,,1,,1,,34,1,4,29,30,23,30,1,306,19.1,
Los Angeles Rams,2020,1,16,19,20,,,1,3,,43,1,1,38,42,24,30,1,372,23.3,
Baltimore Ravens,2020,2,16,24,27,,1,3,,,55,2,2,52,53,26,29,2,468,29.3,
Pittsburgh Steelers,2020,3,16,12,35,,,,3,,50,2,5,41,45,23,24,1,416,26.0,
Washington Football Team,2020,4,16,18,16,,,1,2,,37,,5,30,32,27,34,1,335,20.9,
New Orleans Saints,2020,5,16,30,28,,,,1,,59,,1,57,58,23,28,1,482,30.1,
Miami Dolphins,2020,6,16,15,24,1,,2,,,42,4,6,36,36,36,39,,404,25.3,
New England Patriots,2020,7,16,20,12,1,,1,1,1,36,1,3,30,33,26,28,,326,20.4,
Tampa Bay Buccaneers,2020,8,16,16,42,,,,1,,59,,2,52,57,28,31,1,492,30.8,
New York Giants,2020,9,16,13,12,,,1,1,,27,2,4,21,23,31,32,,280,17.5,
Indianapolis Colts,2020,10,16,20,24,,1,,4,1,50,3,5,43,45,32,37,3,451,28.2,
Kansas City Chiefs,2020,11,16,13,40,1,1,,2,,57,3,3,48,54,25,27,1,473,29.6,
Arizona Cardinals,2020,12,16,22,27,,,,,,49,,3,45,46,23,30,1,410,25.6,
Green Bay Packers,2020,13,16,16,48,,,1,1,,66,2,3,59,63,16,16,1,509,31.8,
Chicago Bears,2020,14,16,12,26,,1,1,,,40,2,3,36,37,30,32,1,372,23.3,
Seattle Seahawks,2020,15,16,15,40,,,,,,55,1,2,49,53,24,24,3,459,28.7,
Buffalo Bills,2020,16,16,16,40,1,,1,2,,60,,1,57,59,28,34,,501,31.3,
San Francisco 49ers,2020,17,16,19,25,,,,1,,45,1,4,38,40,22,26,,376,23.5,
Carolina Panthers,2020,18,16,19,16,,,3,,,38,1,2,33,36,29,36,,350,21.9,
Atlanta Falcons,2020,19,16,13,27,,,,1,,41,1,3,34,38,38,40,,396,24.8,
Philadelphia Eagles,2020,20,16,16,22,1,,2,1,,42,7,16,24,26,14,19,1,334,20.9,
Cleveland Browns,2020,21,16,21,27,,,,2,,50,2,2,43,48,19,24,2,408,25.5,
Cincinnati Bengals,2020,22,16,13,19,,1,,,,33,,0,32,33,27,34,,311,19.4,
Los Angeles Chargers,2020,23,16,12,31,,,,2,,45,2,5,36,39,24,33,1,384,24.0,
Tennessee Titans,2020,24,16,26,33,,1,2,,,62,4,7,51,53,20,28,,491,30.7,
Denver Broncos,2020,25,16,13,21,1,,,,,35,2,5,25,30,28,35,,323,20.2,
New York Jets,2020,26,16,9,16,,,,1,,26,1,2,20,24,21,28,1,243,15.2,
Houston Texans,2020,27,16,10,33,,,,1,,44,1,4,37,40,27,31,,384,24.0,
Dallas Cowboys,2020,28,16,14,25,,1,2,,,42,4,6,33,36,34,41,,395,24.7,
Minnesota Vikings,2020,29,16,20,35,,,,,,55,8,12,37,43,15,22,1,430,26.9,
Las Vegas Raiders,2020,30,16,20,28,,,,,,48,1,1,45,47,33,35,,434,27.1,
Jacksonville Jaguars,2020,31,16,9,25,1,,,1,1,37,3,9,24,28,18,25,,306,19.1,
Detroit Lions,2020,32,16,17,27,1,,,,,45,2,4,38,41,21,28,1,377,23.6,
Denver Broncos,2021,1,3,3,4,,,,,,7,,0,7,7,9,9,,76,25.3,
Carolina Panthers,2021,2,3,5,3,,,,,,8,,0,6,8,5,6,,69,23.0,
Philadelphia Eagles,2021,3,2,2,3,,,,,,5,2,2,3,3,2,3,,43,21.5,
New Orleans Saints,2021,4,3,2,7,,,,1,,10,,0,10,10,1,3,,73,24.3,
Buffalo Bills,2021,5,3,4,7,,,,,,11,,0,10,10,6,7,,94,31.3,
New England Patriots,2021,6,3,2,2,,,,,,4,,0,3,4,9,9,,54,18.0,
Cincinnati Bengals,2021,7,3,1,7,,,,,,8,,0,8,8,4,4,,68,22.7,
Los Angeles Chargers,2021,8,3,1,6,,,,,,7,2,2,3,5,6,7,,67,22.3,
Cleveland Browns,2021,9,3,8,2,,,,,,10,1,1,9,9,5,5,,86,28.7,
Los Angeles Rams,2021,10,3,2,9,,,,,,11,,0,11,11,6,6,,95,31.7,
Arizona Cardinals,2021,11,3,5,7,,,,1,,13,,0,13,13,4,6,,103,34.3,
Pittsburgh Steelers,2021,12,3,1,3,,,,,1,5,,0,5,5,5,6,,50,16.7,
New York Jets,2021,13,3,,2,,,,,,2,1,2,,,2,3,,20,6.7,
Dallas Cowboys,2021,14,2,2,3,,,,,,5,,0,4,5,5,7,,49,24.5,
Las Vegas Raiders,2021,15,3,3,6,,,,,,9,,0,7,8,9,9,1,90,30.0,
San Francisco 49ers,2021,16,3,5,5,,,,1,,11,,0,11,11,3,4,,86,28.7,
New York Giants,2021,17,3,3,2,,,,,,5,1,1,3,3,7,7,,56,18.7,
Houston Texans,2021,18,3,3,5,,,,,,8,,0,7,8,4,5,,67,22.3,
Chicago Bears,2021,19,3,2,1,,,,1,,4,,0,4,4,4,4,,40,13.3,
Minnesota Vikings,2021,20,3,1,8,,,,1,,10,,0,9,10,6,7,,87,29.0,
Seattle Seahawks,2021,21,3,3,7,,,,,,10,,0,9,10,2,3,,75,25.0,
Indianapolis Colts,2021,22,3,1,3,,,1,,,5,1,2,3,3,7,8,,56,18.7,
Miami Dolphins,2021,23,3,3,1,,,,1,,5,1,1,4,4,3,4,,45,15.0,
Green Bay Packers,2021,24,3,2,6,,,,,,8,,0,8,8,4,4,,68,22.7,
Tennessee Titans,2021,25,3,4,4,,,,,,8,1,1,6,7,5,7,,71,23.7,
Baltimore Ravens,2021,26,3,5,3,,,1,,,9,,2,7,7,7,8,,82,27.3,
Tampa Bay Buccaneers,2021,27,3,2,10,,,,2,,14,,0,13,14,2,3,,103,34.3,
Jacksonville Jaguars,2021,28,3,1,5,,1,,,1,8,,0,5,7,,3,,53,17.7,
Washington Football Team,2021,29,3,2,5,,,,,,7,,0,7,7,6,7,,67,22.3,
Atlanta Falcons,2021,30,3,1,4,,,,,,5,1,1,4,4,4,4,,48,16.0,
Kansas City Chiefs,2021,31,3,2,9,,,,1,,12,,0,11,11,3,3,,92,30.7,
Detroit Lions,2021,32,3,3,5,,,,,,8,2,2,6,6,3,4,,67,22.3,
